Filename,Degradation_Type,Degradation_Suffix,OpenL3_Similarity,VGGish_Similarity,PESQ_Score,STOI_Score
music,Noise (Low),noise_low,0.9904325,0.9612276,3.2964956760406494,0.95149333043077
music,Noise (High),noise_high,0.9846707,0.9424662,1.7535715103149414,0.9124364125918046
music,Noise (Extreme),noise_extreme,0.98160434,0.93194526,1.3513778448104858,0.8829136419241463
music,Bitrate (Low),bitrate_low,0.9899269,0.9503893,3.304900646209717,0.9982878091366347
music,Bitrate (High),bitrate_high,0.98100036,0.94018435,2.2840073108673096,0.8857216980673698
music,Bitrate (Extreme),bitrate_extreme,0.9762959,0.939312,1.7505357265472412,0.810199307015038
music,Compression (Low),compression_low,0.98321223,0.9563162,3.9361391067504883,0.9929733390940323
music,Compression (High),compression_high,0.9892679,0.9643697,3.214064359664917,0.9467552794523804
music,Compression (Extreme),compression_extreme,0.9469876,0.8965126,1.3061515092849731,0.8157318610004899
